{"cameraMode":{"drawMode":0,"name":"Shaded","section":"Shading Mode"},"sceneLighting":false,"audioPlay":false,"sceneViewState":{"m_AlwaysRefresh":false,"showFog":true,"showSkybox":true,"showFlares":true,"showImageEffects":true,"showParticleSystems":true,"showVisualEffectGraphs":true,"m_FxEnabled":true},"in2DMode":false,"pivot":{"x":670.4398193359375,"y":16.546428680419923,"z":13.399093627929688},"rotation":{"x":-0.10687662661075592,"y":-0.27969998121261599,"z":0.03134755417704582,"w":-0.9536121487617493},"size":81.39410400390625,"orthographic":false}